English,Traditional Chinese (Taiwan),Source Movie,Timestamp
Supreme Chancellor,最高議長,威脅潛伏,00:02:06
Master (Jedi title),師父,威脅潛伏,00:03:06
Obi-Wan,歐比王,威脅潛伏,00:03:13
Master Yoda,尤達大師,威脅潛伏,00:03:19
The Force,原力,威脅潛伏,00:03:24
Viceroy,總督,威脅潛伏,00:03:31
Trade Federation,貿易聯邦,威脅潛伏,00:03:35
Jedi,絕地武士,威脅潛伏,00:03:43
Lord Sidious,達斯西帝,威脅潛伏,00:03:51
Droid,機器人,威脅潛伏,00:04:01
Dioxis,毒氣,威脅潛伏,00:05:18
Droidekas,殺手機器人,威脅潛伏,00:06:09
Destroyers,殺手機器人,威脅潛伏,00:06:58
Battle droids,戰鬥機器人,威脅潛伏,00:07:32
Naboo,那卜,威脅潛伏,00:07:39
Chancellor Valorum,魏倫議長,威脅潛伏,00:07:39
Queen Amidala,艾米達拉女王,威脅潛伏,00:07:57
Senate,議會,威脅潛伏,00:08:32
Senator Palpatine,白卜庭議員,威脅潛伏,00:09:13
Jar Jar Binks,恰恰冰克斯,威脅潛伏,00:11:29
Gunga City,剛耿市,威脅潛伏,00:11:57
Gungan,剛耿族,威脅潛伏,00:13:00
Droid army,機器兵團,威脅潛伏,00:14:57
Symbiont circle,生命共同體,威脅潛伏,00:15:26
Bongo,邦戈,威脅潛伏,00:15:45
The Republic,共和國,威脅潛伏,00:23:12
Coruscant,科羅森,威脅潛伏,00:23:28
Hyperdrive,超光速引擎,威脅潛伏,00:26:43
Tatooine,塔圖因,威脅潛伏,00:26:49
Hutts,赫特族,威脅潛伏,00:26:57
Sith,西斯,威脅潛伏,00:27:37
Apprentice (Sith),徒弟,威脅潛伏,00:27:40
Darth Maul,達斯魔,威脅潛伏,00:27:42
R2-D2,R2D2,威脅潛伏,00:28:18
Padmé,帕米,威脅潛伏,00:28:26
Anakin,安納金,威脅潛伏,00:33:12
Gardulla (the Hutt),賈杜拉,威脅潛伏,00:33:04
Iego,伊果,威脅潛伏,00:32:38
Republic credits,共和幣,威脅潛伏,00:33:58
Toydarian,鐸多利人,威脅潛伏,00:34:17
Mind trick,念力,威脅潛伏,00:34:12
Sebulba,賽步霸,威脅潛伏,00:36:51
Qui-Gon Jinn,金魁剛,威脅潛伏,00:38:24
Protocol droid,公關機器人,威脅潛伏,00:38:50
C-3PO,C3PO,威脅潛伏,00:39:04
Podracer,賽艇,威脅潛伏,00:39:13
Podracing,賽艇大賽,威脅潛伏,00:41:22
Malastare,麥洛斯塔,威脅潛伏,00:41:22
Lightsaber,光劍,威脅潛伏,00:41:47
Boonta Eve,奔塔之夜,威脅潛伏,00:43:02
Watto,瓦頭,威脅潛伏,00:43:08
Astromech droid,修護機器人,威脅潛伏,00:47:54
Midi-chlorian,迷地原蟲,威脅潛伏,00:50:45
Skywalker,天行者,威脅潛伏,00:56:32
May the Force be with you,願原力與你同在,威脅潛伏,00:57:54
Jabba the Hutt,賈霸,威脅潛伏,00:58:06
Tusken Raiders,塔斯肯強盜,威脅潛伏,01:01:54
Jedi arts,絕地武藝,威脅潛伏,01:17:40
Obi-Wan Kenobi,歐比王肯諾比,威脅潛伏,01:17:53
Japor snippet,茄柏木塊,威脅潛伏,01:19:52
Jedi Council,絕地議會,威脅潛伏,01:21:51
Dark side,黑暗的一面,威脅潛伏,01:24:40
Vergence (in the Force),原力磁場,威脅潛伏,01:25:02
Prophecy,預言,威脅潛伏,01:25:21
Jedi Temple,絕地神殿,威脅潛伏,01:26:36
Alderaan,艾岱倫星,威脅潛伏,01:32:02
Padawan learner,徒弟,威脅潛伏,01:33:42
Droid control ship,指揮艦,威脅潛伏,01:38:09
Boss Nass,那斯老大,威脅潛伏,01:40:08
Separatists,分離主義,複製人全面進攻,00:04:32
Count Dooku,杜酷伯爵,複製人全面進攻,00:05:47
Death sticks,銷魂棒,複製人全面進攻,00:22:56
Bounty hunter,賞金獵人,複製人全面進攻,00:24:07
Toxic dart,毒鏢,複製人全面進攻,00:24:41
Military Creation Act,建軍案,複製人全面進攻,00:28:00
Outer Rim,邊境星域,複製人全面進攻,00:32:29
Clone,複製人,複製人全面進攻,00:32:35
Kamino,卡密諾星,複製人全面進攻,00:32:57
Kaminoans,卡密諾人,複製人全面進攻,00:33:18
Jawa juice,夾哇果汁,複製人全面進攻,00:31:55
Younglings,小學徒,複製人全面進攻,00:36:18
Commerce Guild,商業協會,複製人全面進攻,00:39:41
Jango Fett,強格費特,複製人全面進攻,00:46:51
Boba,波巴,複製人全面進攻,00:50:41
Dark lord (of the Sith),黑暗大帝,複製人全面進攻,00:58:42
Seismic charges,震碎砲,複製人全面進攻,01:07:07
Corporate Alliance,企業聯盟,複製人全面進攻,01:16:27
Techno Union,科技聯邦,複製人全面進攻,01:17:10
Banking Clan,銀行公會,複製人全面進攻,01:17:21
Geonosis,吉諾西斯,複製人全面進攻,01:28:18
Geonosians,吉諾西斯人,複製人全面進攻,01:31:39
Lord Tyranus,提拉諾斯,複製人全面進攻,02:12:33
Clone Wars,複製人大戰,複製人全面進攻,02:13:52
General Grievous,葛理維斯將軍,西斯大帝的復仇,00:03:08
Vulture droids,禿鷹機器人,西斯大帝的復仇,00:03:13
Buzz droids,蜂鳴機器人,西斯大帝的復仇,00:05:26
Senator Organa,歐嘉納參議員,西斯大帝的復仇,00:25:28
Mustafar,穆斯塔法,西斯大帝的復仇,00:28:43
Utapau,猶它堡,西斯大帝的復仇,00:43:23
Darth Plagueis,達斯普拉格,西斯大帝的復仇,00:46:07
Wookiees,武技族,西斯大帝的復仇,00:37:55
Kashyyyk,卡須克星,西斯大帝的復仇,00:38:06
Mace Windu,雲杜大師,西斯大帝的復仇,01:01:02
Darth Vader,達斯維達,西斯大帝的復仇,01:16:50
Order 66,66號密令,西斯大帝的復仇,01:20:46
Chewbacca,秋巴卡,西斯大帝的復仇,01:25:55
Galactic Empire,銀河帝國,西斯大帝的復仇,01:36:01
Emperor,皇帝,西斯大帝的復仇,01:37:54
The chosen one,天擇人選,西斯大帝的復仇,02:00:00
Luke,路克,西斯大帝的復仇,02:05:44
Leia,莉亞,西斯大帝的復仇,02:06:18
Death Star,死星,曙光乍現,00:05:40
Imperial Senate,帝國議會,曙光乍現,00:07:40
Rebel Alliance,反抗軍,曙光乍現,00:08:00
Sandpeople,沙漠族,曙光乍現,00:39:11
Banthas,班達獸,曙光乍現,00:39:13
Jawas,爪娃人,曙光乍現,00:39:27
Stormtroopers,風暴突擊部隊,曙光乍現,00:39:35
Han Solo,韓蘇洛,曙光乍現,00:47:52
Millennium Falcon,千年鷹,曙光乍現,00:47:52
Greedo,奎豆,曙光乍現,00:49:59
Kessel Run,凱仕航程,曙光乍現,00:48:07
Governor Tarkin,塔金,曙光乍現,00:57:16
Dantooine,丹徒因星,曙光乍現,00:58:33
Tractor beam,牽引光束,曙光乍現,01:04:58
Yavin,雅文星,曙光乍現,01:39:21
Proton torpedoes,質子魚雷,曙光乍現,01:40:41
Tauntauns,咚咚獸,帝國大反擊,00:08:03
Dagobah,達可巴,帝國大反擊,00:13:23
Echo Base,回音基地,帝國大反擊,00:15:34
Imperial probe droid,偵察機器人,帝國大反擊,00:19:37
Hoth,霍斯星,帝國大反擊,00:20:38
Star Destroyers,星際驅逐艦,帝國大反擊,00:22:31
Ion cannon,離子砲,帝國大反擊,00:24:13
Imperial walkers,裝甲走獸,帝國大反擊,00:26:03
Mynocks,太空蝙蝠,帝國大反擊,00:59:23
Lando Calrissian,藍多卡瑞辛,帝國大反擊,01:15:25
Bespin,貝斯平,帝國大反擊,01:15:30
Tibanna gas,提班納瓦斯,帝國大反擊,01:15:38
X-wing,X翼戰機,帝國大反擊,01:34:02
Carbon freeze,凍碳,帝國大反擊,01:34:07
Hibernation sickness,蟄伏病,絕地大反攻,00:19:34
Rancor,藍恐獸,絕地大反攻,00:25:14
Pit of Carkoon,卡孔穴,絕地大反攻,00:28:59
Sarlacc,沙獺,絕地大反攻,00:29:04
Boba Fett,波巴費特,絕地大反攻,00:33:41
Admiral Ackbar,亞克巴上將,絕地大反攻,00:49:43
Endor,恩多,絕地大反攻,00:49:45
Cloud City,雲間城市,絕地大反攻,01:16:39
Kylo Ren,凱羅忍,原力覺醒,00:07:06
First Order,第一軍團,原力覺醒,00:07:14
Captain Phasma,法斯瑪,原力覺醒,00:10:17
Resistance,抵抗勢力,原力覺醒,00:16:53
Jakku,賈庫星,原力覺醒,00:18:00
TIE fighter,鈦戰機,原力覺醒,00:19:45
General Hux,赫斯將軍,原力覺醒,00:20:53
Supreme Leader Snoke,最高首領史諾克,原力覺醒,00:26:09
Rathtars,拉斯塔,原力覺醒,00:42:41
Knights of Ren,忍武士,原力覺醒,00:50:52
Maz Kanata,瑪茲卡納塔,原力覺醒,00:56:59
Starkiller Base,弒星者基地,原力覺醒,01:32:27
Dreadnought,無畏艦,最後的絕地武士,00:02:37
Vice Admiral Holdo,何朵中將,最後的絕地武士,00:36:01
Hyperspace tracking,超太空追蹤,最後的絕地武士,00:41:24
Canto Bight,坎托拜,最後的絕地武士,00:44:00
Fathiers,太空馬,最後的絕地武士,00:55:59
Crait,科瑞特星,最後的絕地武士,01:39:30
Battering ram cannon,撞錘火砲,最後的絕地武士,01:58:04
Final Order,最終軍團,天行者的崛起,00:05:51
Lightspeed skipping,光速躍進,天行者的崛起,00:09:37
Exegol,艾克西格,天行者的崛起,00:16:00
Sith wayfinder,西斯尋路儀,天行者的崛起,00:16:45
Pasaana,帕薩納,天行者的崛起,00:17:19
Ochi of Bestoon,貝斯圖的奧奇,天行者的崛起,00:26:19
Allegiant General,忠誠將軍,天行者的崛起,00:42:49
Kijimi,奇基米星,天行者的崛起,00:43:55
Babu Frik,巴布佛利克,天行者的崛起,00:47:03
Force dyad,原力二元體,天行者的崛起,01:04:47
Jannah,珍娜,天行者的崛起,01:09:51
Deflector shield,防護罩,威脅潛伏,00:26:13
Nubian,那卜號,威脅潛伏,00:31:47
Kitster,小奇,威脅潛伏,00:49:10
Sith lord,西斯武士,威脅潛伏,01:24:29
Booma,熔漿球,威脅潛伏,01:57:48
Zam Wesell,嬋姆,複製人全面進攻,00:10:37
Queen Jamillia,亞蜜莉雅女王,複製人全面進攻,00:08:41
Nute Gunray,紐特甘雷,複製人全面進攻,00:39:52
Lama Su,拉瑪蘇,複製人全面進攻,00:42:23
Sifo-Dyas,西佛迪雅,複製人全面進攻,00:43:00
Shmi Skywalker,西蜜天行者,複製人全面進攻,01:04:54
Owen Lars,歐文拉斯,複製人全面進攻,01:12:06
Beru,蓓魯,複製人全面進攻,01:12:06
Cliegg Lars,克里格拉斯,複製人全面進攻,01:12:32
Kamino saberdart,卡密諾劍鏢,複製人全面進攻,00:32:40
Emergency powers,緊急處分權,複製人全面進攻,01:30:30
Cato Neimoidia,凱托尼莫德星,西斯大帝的復仇,00:24:42
Ray shields,光束防護罩,西斯大帝的復仇,00:17:55
Commander Cody,寇迪指揮官,西斯大帝的復仇,01:20:40
Captain Antilles,安提利斯艦長,西斯大帝的復仇,02:10:23
Mos Eisley,摩斯艾斯里,曙光乍現,00:42:37
Dune Sea,沙海,曙光乍現,00:22:22
Biggs,畢茲,曙光乍現,01:43:08
Wedge,魏吉,曙光乍現,01:49:24
Rey,芮,原力覺醒,00:36:21
Finn,芬恩,原力覺醒,00:22:11
Poe Dameron,波戴姆倫,原力覺醒,00:22:17
BB-8,BB-8,原力覺醒,00:23:25
Rose,蘿絲,最後的絕地武士,00:39:17
Zorii,佐麗,天行者的崛起,00:46:46
General Pryde,普萊德將軍,天行者的崛起,00:50:37
D-O,D-O,天行者的崛起,01:30:07
Rey Skywalker,芮天行者,天行者的崛起,02:12:04
Galen Erso,蓋倫厄索,俠盜一號,00:02:08
Stardust,小星塵,俠盜一號,00:02:23
Saw Gerrera,索葛瑞拉,俠盜一號,00:03:37
Director Krennic,昆尼克局長,俠盜一號,00:04:27
Jedha,傑達星,俠盜一號,00:09:35
Kyber crystal,凱伯水晶,俠盜一號,00:09:50
Jyn Erso,琴厄索,俠盜一號,00:14:31
Cassian Andor,卡西恩安道爾,俠盜一號,00:14:52
K-2SO,K2SO,俠盜一號,00:17:43
Bodhi Rook,菩提魯克,俠盜一號,00:20:27
Bor Gullet,波爾古列,俠盜一號,00:21:33
Chirrut Imwe,席魯英韋,俠盜一號,00:29:36
Guardians of the Whills,威爾斯守衛隊,俠盜一號,00:30:19
Baze Malbus,巴茲馬霸世,俠盜一號,00:38:46
Scarif,史卡利夫星,俠盜一號,00:47:00
Eadu,伊杜星,俠盜一號,00:53:36
General Draven,德雷文將軍,俠盜一號,01:16:45
General Syndulla,仙杜拉將軍,俠盜一號,01:19:04
Citadel Tower,堡壘塔,俠盜一號,01:25:38
Admiral Raddus,拉杜斯上將,俠盜一號,01:35:17
U-wing,U翼戰機,俠盜一號,01:44:42
Qi'ra,綺拉,韓索羅,00:02:25
Sabacc,薩巴克,韓索羅,00:02:18
Full Sabacc,薩巴克葫蘆,韓索羅,00:02:18
Coaxium,科亞烯,韓索羅,00:02:40
Corellia,科雷利亞星,韓索羅,00:03:02
Moloch,摩洛克,韓索羅,00:03:25
Lady Proxima,比鄰星夫人,韓索羅,00:03:27
Coronet Spaceport,皇冠太空港,韓索羅,00:06:37
Crimson Dawn,赤色黎明,韓索羅,00:10:29
Hutt Cartel,赫特企業,韓索羅,00:10:29
Carida,卡里達星,韓索羅,00:14:03
AT-hauler,全地形運輸機,韓索羅,00:15:15
Ardennian,亞登人,韓索羅,00:18:52
Conveyex,通運特快列車,韓索羅,00:26:07
Enfys Nest,恩菲絲內斯特,韓索羅,00:26:32
Glee Anselm,格里安塞姆星,韓索羅,00:27:41
Valachord,維拉琴,韓索羅,00:27:44
Viper droids,毒蛇機器人,韓索羅,00:35:02
Dryden Vos,惴登富沃斯,韓索羅,00:40:11
Fort Ypso,伊普索堡,韓索羅,00:41:35
Tobias Beckett,托拜厄斯貝克特,韓索羅,00:43:11
Kessel,凱瑟星,韓索羅,00:49:37
Pyke Syndicate,派克集團,韓索羅,00:49:44
Savareen,薩佛林星,韓索羅,00:50:39
L3-37,L3-37,韓索羅,01:00:14
Corellian YT-1300,科雷利亞YT-1300,韓索羅,01:03:12
Si'Klaata Cluster,西克拉塔星團,韓索羅,01:04:20
Akkadese Maelstrom,阿凱迪斯大漩渦,韓索羅,01:08:14
Carbonbergs,碳山,韓索羅,01:08:53
The Maw,黑洞星團,韓索羅,01:09:03
Teräs Käsi,鐵手功,韓索羅,01:14:26
The Calrissian Chronicles,卡瑞辛紀事,韓索羅,01:18:32
Colo claw fish,柯魯爬行魚,韓索羅,01:47:02
Dathomir,達索米爾星,韓索羅,01:58:18
StarCave Nebula,星穴星雲,韓索羅,02:03:19
Christophsis,克里斯多弗西斯星,複製人之戰,00:02:11
Ahsoka Tano,亞蘇卡譚諾,複製人之戰,00:09:20
Ahsoka,亞蘇卡,複製人之戰,00:07:42
Captain Rex,雷克斯上校,複製人之戰,00:10:50
Teth,泰斯星,複製人之戰,00:14:37
B'omarr monks,波瑪僧侶,複製人之戰,00:38:40
Admiral Yularen,宇拉瑞司令,複製人之戰,00:43:00
Huttlet,赫特族寶寶,複製人之戰,00:45:10
Asajj Ventress,凡翠絲,複製人之戰,00:50:01
Ziro the Hutt,示羅,複製人之戰,01:17:03
Kenari,肯納里星,安道爾 S01E01,00:03:57
Ferrix,費瑞斯,安道爾 S01E01,00:32:00
Morlana One,莫拉納1號星,安道爾 S01E01,00:01:29
Preox-Morlana,匹奧斯莫拉納,安道爾 S01E01,00:20:15
Pre-Mor,匹莫,安道爾 S01E01,00:06:04
Mid Rim,中界星域,安道爾 S01E01,00:04:03
Wobani,沃班尼星,安道爾 S01E01,00:23:20
Tahina,塔希納,安道爾 S01E01,00:04:51
Kassa,卡薩,安道爾 S01E01,00:11:15
Maarva,瑪瓦,安道爾 S01E01,00:13:03
B2EMO,小嗶,安道爾 S01E01,00:11:10
Brasso,布雷索,安道爾 S01E01,00:12:58
Bix,碧絲,安道爾 S01E01,00:21:50
Timm,提姆,安道爾 S01E01,00:24:35
Nurchi,納奇,安道爾 S01E01,00:28:17
Vetch,威區,安道爾 S01E01,00:28:29
NS-9 Starpath unit,NS9星軌裝置,安道爾 S01E01,00:22:29
Orlean Star Cab,奧凌星艇,安道爾 S01E01,00:27:26
Dayvan,戴凡飛船,安道爾 S01E01,00:27:26
Imperial Regional Command,帝國地區司令部,安道爾 S01E01,00:20:03
Greef Karga,格里夫卡加,曼達洛人 S01E01,00:11:54
Dr. Pershing,珀欣博士,曼達洛人 S01E01,00:14:55
IG-11,IG-11,曼達洛人 S01E01,00:29:19
Beskar,貝斯卡鋼,曼達洛人 S01E01,00:15:49
Razor Crest,剃刀峰,曼達洛人 S01E01,00:07:29
The Great Purge,大肅清,曼達洛人 S01E01,00:19:40
Foundling,棄兒,曼達洛人 S01E01,00:20:38
The Tribe,部族,曼達洛人 S01E01,00:19:43
Pauldron,護肩甲,曼達洛人 S01E01,00:19:48
Signet,徽紋,曼達洛人 S01E01,00:19:51
Mythrol,祕梭族,曼達洛人 S01E01,00:08:07
Mythosaur,祕瑟龍,曼達洛人 S01E01,00:25:52
Blurrg,布勒格獸,曼達洛人 S01E01,00:24:35
Ravinaks,拉維納克獸,曼達洛人 S01E01,00:04:47
Life Day,生命日,曼達洛人 S01E01,00:09:16
Calamari Flan,卡拉馬利元,曼達洛人 S01E01,00:11:27
Bounty puck,賞金盤,曼達洛人 S01E01,00:02:57
Tracking fob,追蹤器,曼達洛人 S01E01,00:16:37
Chain code,鏈碼,曼達洛人 S01E01,00:12:27
Dank farrik,真要命,曼達洛人 S01E01,00:06:13
Camtono,康托桶,曼達洛人 S01E01,00:15:58
Gray Holds,灰艙,曼達洛人 S01E01,00:04:54
Bondsman Guild,保證人協會,曼達洛人 S01E01,00:29:19
Imperial Credits,帝國幣,曼達洛人 S01E01,00:11:12
Parsec,秒差距,曼達洛人 S01E01,00:14:37
Mandalorian,曼達洛人,曼達洛人 S01E01,00:25:46
Baylan Skoll,貝藍史高,亞蘇卡 S01E01,00:38:04
Morgan Elsbeth,摩根埃斯貝,亞蘇卡 S01E01,00:18:13
Huyang,胡安,亞蘇卡 S01E01,00:11:45
Sabine Wren,薩繽連,亞蘇卡 S01E01,00:21:23
Ezra Bridger,艾斯納包力格,亞蘇卡 S01E01,00:20:51
Thrawn,索龍,亞蘇卡 S01E01,00:06:19
Grand Admiral,帝國元帥,亞蘇卡 S01E01,00:18:38
Senator Jai Kell,杰克爾參議員,亞蘇卡 S01E01,00:22:00
Governor Azadi,阿薩迪總督,亞蘇卡 S01E01,00:22:08
Captain Porter,波特艦長,亞蘇卡 S01E01,00:23:05
Home One,家園一號,亞蘇卡 S01E01,00:01:56
Lothal,洛塔星,亞蘇卡 S01E01,00:18:52
Battle of Lothal,洛塔之戰,亞蘇卡 S01E01,00:18:52
Arcana,奧卡納星,亞蘇卡 S01E01,00:33:51
Nightsisters of Dathomir,達索米爾暗夜姊妹,亞蘇卡 S01E01,00:28:09
Fulcrum,法昆,亞蘇卡 S01E01,00:15:36
Spectre,魅影,亞蘇卡 S01E01,00:23:05
T-6,T-6穿梭機,亞蘇卡 S01E01,00:16:11
Master Indara,英達拉大師,侍者 S01E01,00:01:50
Osha Aniseya,歐夏安尼塞亞,侍者 S01E01,00:11:03
Mae,梅,侍者 S01E01,00:10:04
Yord Fandar,約德范達,侍者 S01E01,00:10:58
Tasi Lowa,塔希洛瓦,侍者 S01E01,00:11:00
Master Sol,梭爾大師,侍者 S01E01,00:13:35
Vernestra Rwoh,雯奈絲翠魯沃,侍者 S01E01,00:17:04
Jecki,潔季,侍者 S01E01,00:24:35
Fillik,菲利克,侍者 S01E01,00:08:28
Pip,匹普,侍者 S01E01,00:07:52
Ueda,烏耶達星,侍者 S01E01,00:13:53
Nar Shaddaa,納沙達,侍者 S01E01,00:08:24
CorpSec,企業星區,侍者 S01E01,00:12:41
Brendok,布連多克星,侍者 S01E01,00:18:12
Carlac,卡萊克星,侍者 S01E01,00:25:24
Meknek,技丁,侍者 S01E01,00:11:12
Acolyte,侍者,侍者 S01E01,00:36:45
Dybbuk,迪怖客,侍者 S01E01,00:19:30
Jedi Order,絕地組織,侍者 S01E01,00:10:58
Force-user,原力施用者,侍者 S01E01,00:03:47
Caleb,凱列,瑕疵小隊 S01E01,00:01:58
Depa Billaba,戴帕畢拉芭,瑕疵小隊 S01E01,00:01:21
Hunter,獵手,瑕疵小隊 S01E01,00:05:27
Wrecker,破壞狂,瑕疵小隊 S01E01,00:05:27
Echo,回音,瑕疵小隊 S01E01,00:05:27
Tech,技師,瑕疵小隊 S01E01,00:05:27
Crosshair,準星,瑕疵小隊 S01E01,00:05:27
Omega,奧美加,瑕疵小隊 S01E01,00:20:37
Nala Se,娜拉瑟,瑕疵小隊 S01E01,00:26:11
Admiral Tarkin,塔金上將,瑕疵小隊 S01E01,00:21:55
Kaller,克勒星,瑕疵小隊 S01E01,00:01:19
Skako Minor,小斯卡科,瑕疵小隊 S01E01,00:18:25
Felucia,菲魯齊亞,瑕疵小隊 S01E01,00:32:59
Onderon,昂德朗,瑕疵小隊 S01E01,00:38:11
Clone Force 99,99複製人部隊,瑕疵小隊 S01E01,00:03:15
Coruscant Guard,科羅森護衛,瑕疵小隊 S01E01,00:15:13
Shock troopers,衝擊兵,瑕疵小隊 S01E01,00:15:11
Regs,普仔,瑕疵小隊 S01E01,00:16:19
Clanker,破鐵皮,瑕疵小隊 S01E01,00:03:53
Inhibitor chip,抑制晶片,瑕疵小隊 S01E01,00:57:22
The Sad Batch,悽慘小隊,瑕疵小隊 S01E01,00:24:43
AZI,AZI,瑕疵小隊 S01E01,00:26:11
Lula,露拉,瑕疵小隊 S01E01,01:08:10
Captain Lawson,勞森隊長,暗影之王 S01E01,00:07:04
Two-Boots,兩靴,暗影之王 S01E01,00:07:02
Officer Pak,帕克警官,暗影之王 S01E01,00:12:40
Nico Deemis,尼科迪米斯,暗影之王 S01E01,00:07:14
Looti Vario,盧蒂瓦里歐,暗影之王 S01E01,00:07:23
Krim,柯磷,暗影之王 S01E01,00:26:24
Shadow Collective,暗影集團,暗影之王 S01E01,00:20:29
ISB,帝防局,暗影之王 S01E01,00:13:14
Zabrak,札巴克人,暗影之王 S01E01,00:21:08
Laser sword,雷射劍,暗影之王 S01E01,00:12:53
Inquisitor,帝國判官,反抗軍起義 S01E01,00:00:21
Kanan,肯南,反抗軍起義 S01E01,00:09:42
Hera,希娜,反抗軍起義 S01E01,00:09:23
Zeb,利霸,反抗軍起義 S01E01,00:12:15
Chopper,小鐵,反抗軍起義 S01E01,00:09:18
Vizago,維沙高,反抗軍起義 S01E01,00:14:48
Agent Kallus,凱勒斯探員,反抗軍起義 S01E01,00:13:00
Imperial Security Bureau,帝國防衛局,反抗軍起義 S01E01,00:13:06
Tarkintown,塔金城,反抗軍起義 S01E01,00:14:26
Grand Moff Tarkin,莫夫塔金,反抗軍起義 S01E01,00:14:28
The Ghost,幽靈號,反抗軍起義 S01E01,00:13:40
Spectre-1,魅影一號,反抗軍起義 S01E01,00:07:43
Starbird,星羽號,反抗軍起義 S01E01,00:20:09
Loth-rat,洛塔小鬼,反抗軍起義 S01E01,00:12:15
Imperial Portal,帝國港,反抗軍起義 S01E01,00:03:08
Slave labor camp,奴隸勞工營,反抗軍起義 S01E01,00:19:13
Old Republic,舊共和國,反抗軍起義 S01E01,00:19:01
Imperial Star Destroyer,帝國星際驅逐艦,反抗軍起義 S01E01,00:21:31
New Republic,新共和國,骨幹小隊 S01E01,00:03:28
Hyperspace lanes,超太空航線,骨幹小隊 S01E01,00:00:37
At Attin,艾特艾廷星,骨幹小隊 S01E01,00:10:44
The Barrier,屏障,骨幹小隊 S01E01,00:09:43
The Great Work,偉業,骨幹小隊 S01E01,00:10:44
Undersecretary Fara,法拉副部長,骨幹小隊 S01E01,00:10:18
Comlink,通訊器,骨幹小隊 S01E01,00:19:26
Datapad,數據板,骨幹小隊 S01E01,00:19:26
Hoverbike,漂浮機車,骨幹小隊 S01E01,00:12:46
Airlock,氣密艙,骨幹小隊 S01E01,00:03:53
Captain Silvo,希爾沃船長,骨幹小隊 S01E01,00:03:10
Brutus,布圖斯,骨幹小隊 S01E01,00:03:15
Wim,威姆,骨幹小隊 S01E01,00:05:48
Neel,尼爾,骨幹小隊 S01E01,00:12:09
Fern,馮恩,骨幹小隊 S01E01,00:14:26
Roona,茹娜,骨幹小隊 S01E01,00:11:01
Mrs. Ikk,伊克夫人,骨幹小隊 S01E01,00:07:02
Bonjj Phalfa,邦吉法爾伐,骨幹小隊 S01E01,00:15:09
Tuloo,圖露,骨幹小隊 S01E01,00:13:54
Wizard,很炫,骨幹小隊 S01E01,00:22:59
Jorko,喬可,骨幹小隊 S01E01,00:13:52
Jobo,喬波,骨幹小隊 S01E01,00:13:52
Kai Brightstar,鎧炫星,絕地小武士大冒險 S01E01,00:01:22
Lys,黎詩,絕地小武士大冒險 S01E01,00:01:22
Nubs,拿波,絕地小武士大冒險 S01E01,00:01:22
Master Zia,姬雅大師,絕地小武士大冒險 S01E01,00:01:17
Dee,狄,絕地小武士大冒險 S01E01,00:01:14
Nash Durango,奈緒杜蘭戈,絕地小武士大冒險 S01E01,00:03:49
RJ-83,RJ-83,絕地小武士大冒險 S01E01,00:03:51
Taborr,鐵暴,絕地小武士大冒險 S01E01,00:07:02
Pord,柏德,絕地小武士大冒險 S01E01,00:08:12
EB-3,EB-3,絕地小武士大冒險 S01E01,00:08:12
Hap,哈普,絕地小武士大冒險 S01E01,00:06:21
Giggs,吉葛,絕地小武士大冒險 S01E01,00:05:13
Tenoo,綈農星,絕地小武士大冒險 S01E01,00:01:14
Kublop Springs,庫鈸泉鎮,絕地小武士大冒險 S01E01,00:07:25
Yarrum Tower,亞姆塔,絕地小武士大冒險 S01E01,00:17:27
Crimson Firehawk,赤色炎鷹,絕地小武士大冒險 S01E01,00:04:01
Gedonian Ground Weevil,加頓土象鼻蟲,絕地小武士大冒險 S01E01,00:05:08
Argonian Ruffle bird,阿戈納凌羽鳥,絕地小武士大冒險 S01E01,00:15:52
Sparkle-fire seeds,閃耀花火種子,絕地小武士大冒險 S01E01,00:21:32
Hologames,全像遊戲,絕地小武士大冒險 S01E01,00:05:25
Moof-milkers,牧福擠乳工,絕地小武士大冒險 S01E01,00:17:07
